TYPE,WEIGHT_G,LENGTH_CM,CIRCUM_CM,CIRCUM_ACTUAL_CM,RODENT,PICTURE_ID,ADJUSTED_ID,MERGED ID,ONEKK_LENGTH,ONEKK_WIDTH,ONEKK_AREA_MM2
PURPLE JAPANESE,109.6,19,15,9.5,,1,1,1,206.4039687,51.92371797,6089.358928
PURPLE JAPANESE,134.9,17,18,12.5,,2,2,2,187.948042,48.42247317,6533.454468
PURPLE JAPANESE,246.8,12,24,18.5,,3,3,3,144.7834566,72.65200421,7869.077684
PURPLE JAPANESE,403.7,19,24,18.5,rodent/Harvest,4,4,4,210.0414537,103.2919412,13189.60075
PURPLE JAPANESE,170.2,23,16,10.5,,5,5,5,252.6644844,70.25265982,8441.057398
PURPLE JAPANESE,59,16,15,9.5,,6,6,6,177.408881,33.11197088,3751.163698
PURPLE JAPANESE,193.5,17,21,15.5,,7,7,7,186.8442559,56.90943431,7772.683027
PURPLE JAPANESE,147.7,27,14,8.5,,8,8,8,281.6542097,63.89818897,8401.523966
PURPLE JAPANESE,121.5,17,22,16.5,,9,9,9,229.5454681,52.64181036,6104.63479
PURPLE JAPANESE,107.1,18,16,10.5,,10,10,10,189.3943003,38.98154463,5269.641157
PURPLE JAPANESE,117.1,18,16,10.5,,11,11,11,191.0986333,43.31722515,5919.997262
PURPLE JAPANESE,108.5,20,15,9.5,,12,12,12,216.4458015,46.75081267,5898.13919
PURPLE JAPANESE,160.3,17,17,11.5,,13,13,13,197.1668268,56.43183888,7157.322784
PURPLE JAPANESE,58.7,10,14.5,9,,14,14,14,117.7746965,35.31525774,3264.718299
PURPLE JAPANESE,62.6,21,14.5,9,,15,15,15,249.1420031,37.9266481,4615.57931
PURPLE JAPANESE,166.1,19,17,11.5,,16,16,16,215.2791709,54.25494072,7614.662521
PURPLE JAPANESE,66.6,7,19,13.5,,17,17,17,134.4647831,68.60220318,2813.271089
PURPLE JAPANESE,173.9,18,21,15.5,,18,18,18,198.3840935,69.62682886,8122.091898
PURPLE JAPANESE,118.2,19,15.5,10,,19,19,19,210.3675673,40.44479652,6086.017803
PURPLE JAPANESE,60.3,11,14,8.5,,20,20,20,122.6149473,32.67173498,3205.150169
PURPLE JAPANESE,147.8,11,20,14.5,,21,21,21,122.1840135,70.66716705,5725.480349
PURPLE JAPANESE,86.5,17,15,9.5,,22,22,22,182.0229926,36.2287513,4602.300296
PURPLE JAPANESE,67.2,18,12.5,7,,23,23,23,186.257547,47.8557262,4337.783279
PURPLE JAPANESE,48.5,20,12,6.5,,24,24,24,221.9461097,34.12520105,3820.567069
PURPLE JAPANESE,39.7,13,14,8.5,,25,25,25,141.7583834,32.75560646,2607.250322
PURPLE JAPANESE,139.4,15,17,11.5,,26,26,26,166.7856632,51.683276,6059.448491
PURPLE JAPANESE,60.3,15,14,8.5,,27,27,27,173.4727098,69.14890673,3782.769613
PURPLE JAPANESE,67.5,14,15,9.5,,28,28,28,152.2168687,37.29002357,3864.495528
PURPLE JAPANESE,56,16,12.5,7,,29,29,29,192.2833886,35.41370928,3740.603402
PURPLE JAPANESE,34.6,9,15,9.5,,30,30,30,105.5352815,34.47040195,2051.839686
PURPLE JAPANESE,31.4,12,12,6.5,,31,31,31,132.7638084,25.97690966,2339.212651
PURPLE JAPANESE,44.5,15,12,6.5,,32,32,32,178.2635464,59.07350175,3487.979684
PURPLE JAPANESE,178.7,15,21,15.5,,33,33,33,159.3695195,58.77930552,6868.705878
PURPLE JAPANESE,62.5,11,15,9.5,,34,34,34,127.4968852,40.89349109,3337.790789
PURPLE JAPANESE,61,11,15,9.5,,35,35,35,124.0126751,39.22792521,3191.029469
PURPLE JAPANESE,128.5,13,19,13.5,,36,36,36,144.2916518,53.36021057,5561.867186
PURPLE JAPANESE,64.9,15,15,9.5,,37,37,37,171.5567096,35.09320322,3940.569966
PURPLE JAPANESE,92,10,19.5,14,,38,38,38,105.5645011,54.77608137,4041.535428
PURPLE JAPANESE,69.7,9.5,17,11.5,,39,39,39,106.5959269,43.52861432,3347.744004
PURPLE JAPANESE,56.5,17.5,12,6.5,,40,40,40,184.7647841,43.16151821,3893.228155
PURPLE JAPANESE,69.1,6,20,14.5,damaged,41,41,41,68.0625968,55.76188449,2823.530696
PURPLE JAPANESE,371.2,14,28,22.5,,42,42,42,169.0849537,86.50526158,10753.28174
PURPLE JAPANESE,141.5,25,14,8.5,,43,43,43,282.0699754,53.87981049,8296.66553
PURPLE JAPANESE,152.3,20,16,10.5,,44,44,44,221.5269411,64.80448458,7360.917246
PURPLE JAPANESE,83.6,17,14.5,9,,45,45,45,182.9200108,48.95351003,5016.84491
PURPLE JAPANESE,99.9,12,17,11.5,,46,46,46,132.6680873,43.20271823,4681.904974
PURPLE JAPANESE,63.5,15,15,9.5,,47,47,47,156.9513146,40.33232612,3685.927447
PURPLE JAPANESE,69.4,12,17,11.5,,48,48,48,146.4088279,42.57243441,3717.62759
PURPLE JAPANESE,76.1,16,15,9.5,,49,49,49,178.8590142,35.66273324,4307.878493
PURPLE JAPANESE,171,16,18.5,13,,50,50,50,186.930876,50.68102596,7399.106137
PURPLE JAPANESE,162.3,18,19,13.5,,51,51,51,194.2926266,52.05833108,6786.994802
PURPLE JAPANESE,84.1,17,14.5,9,,52,52,52,182.2940436,41.847209,4746.656009
PURPLE JAPANESE,69.3,16,13,7.5,,53,53,53,183.2954899,45.22738191,4226.522477
PURPLE JAPANESE,37.4,18,11,5.5,,54,54,54,187.6510593,45.57001273,3219.661701
PURPLE JAPANESE,47.2,14,12,6.5,,55,55,55,146.3223397,39.78164482,3308.29187
PURPLE JAPANESE,32.6,17,11,5.5,,56,56,56,182.3624341,28.93076537,2811.131607
PURPLE JAPANESE,30,21,11,5.5,,57,57,57,223.7441023,26.03901407,2957.933329
PURPLE JAPANESE,34.7,17,12,6.5,,58,58,58,173.5102707,27.92865186,2781.199374
PURPLE JAPANESE,43.6,14,14,8.5,,59,59,59,152.6055373,32.59575188,3031.485883
PURPLE JAPANESE,83.3,16,15.5,10,,60,60,60,167.9479147,41.22942926,4720.382674
PURPLE JAPANESE,147.3,22,17,11.5,,61,61,61,233.3299018,47.07394229,6920.75847
PURPLE JAPANESE,156.8,20.5,16.5,11,,62,62,62,222.9602698,67.83811841,7483.07196
PURPLE JAPANESE,68,16.5,16,10.5,,63,63,63,173.7782362,37.76828077,4164.799985
PURPLE JAPANESE,46,16.5,11.5,6,,64,64,64,170.3946091,33.47707913,3256.331217
PURPLE JAPANESE,40.7,17,11.5,6,,65,65,65,179.5072601,43.73739484,3302.390965
BEAUREGARD G 2020  – BLACK BOX GENEVA,865,23,32,26.5,,B1,B01,B01,293.4873211,111.2610173,23848.9731
BEAUREGARD G 2020  – BLACK BOX GENEVA,701,23,30.5,25,,B2,B02,B02,269.548658,105.6382204,18588.79029
BEAUREGARD G 2020  – BLACK BOX GENEVA,411,23,25,19.5,,B3,B03,B03,245.8588223,70.91287175,12953.37893
BEAUREGARD G 2020  – BLACK BOX GENEVA,633.8,22,29,23.5,,B4,B04,B04,239.9875412,94.33312727,17618.51478
BEAUREGARD G 2020  – BLACK BOX GENEVA,413.7,22,24.5,19,,B5,B05,B05,259.089423,72.14036452,13246.10799
BEAUREGARD G 2020  – BLACK BOX GENEVA,305,24,22.5,17,,B6,B06,B06,265.0327724,66.06643847,11806.65108
BEAUREGARD G 2020  – BLACK BOX GENEVA,342.5,22,22.5,17,,B7,B07,B07,240.2767335,64.02630943,11826.91044
BEAUREGARD G 2020  – BLACK BOX GENEVA,62,20,13,7.5,,B8,B08,B08,212.5156296,39.76947885,4183.340453
BEAUREGARD G 2020  – BLACK BOX GENEVA,100.8,16,16.5,11,,B9,B09,B09,172.4798898,65.70273257,5057.503529
BEAUREGARD G 2020  – BLACK BOX GENEVA,66.2,13,14,8.5,,B10,B10,B10,140.2737812,47.82098358,3631.781238
BEAUREGARD G 2020  – BLACK BOX GENEVA,188.1,13,22,16.5,,B11,B11,B11,163.98497,58.83989115,6603.136299
BEAUREGARD G 2020  – BLACK BOX GENEVA,40.6,11,13,7.5,,B12,B12,B12,109.4563386,37.3031561,2417.782221
BEAUREGARD G 2020  – BLACK BOX GENEVA,125.5,24,19,13.5,,B13,B13,B13,256.8702846,57.72011944,6567.720577
BEAUREGARD G 2020  – BLACK BOX GENEVA,227.7,9.5,25,19.5,,B14,B14,B14,110.657954,92.21178981,7158.007627
BEAUREGARD G 2020  – BLACK BOX GENEVA,114.5,16,19,13.5,,B15,B15,B15,179.3950184,47.4032611,4982.504945
BEAUREGARD G 2020  – BLACK BOX GENEVA,167.1,21,17,11.5,,B16,B16,B16,233.2998419,50.3429618,7715.200515
BEAUREGARD G 2020  – BLACK BOX GENEVA,275.4,23,19,13.5,,B17,B17,B17,238.8241634,78.75834081,11192.01007
BEAUREGARD G 2020  – BLACK BOX GENEVA,242,14,23,17.5,,B18,B18,B18,156.4909557,68.20144603,7732.776687
BEAUREGARD G 2020  – BLACK BOX GENEVA,234.6,20,20,14.5,,B19,B19,B19,209.5267627,56.55891715,8647.327553
BEAUREGARD G 2020  – BLACK BOX GENEVA,340.4,23,22,16.5,,B20,B20,B20,249.2071644,62.23663508,11482.3994
BEAUREGARD G 2020  – BLACK BOX GENEVA,93.6,18,15,9.5,,B21,B21,B21,194.679263,39.14445451,4900.950874
BEAUREGARD G 2020  – BLACK BOX GENEVA,115.5,17,17.5,12,,B22,B22,B22,212.6707913,44.17116481,5403.444543
BEAUREGARD G 2020  – BLACK BOX GENEVA,218.2,23,20,14.5,,B23,B23,B23,241.646216,76.54778105,8926.043525
BEAUREGARD G 2020  – BLACK BOX GENEVA,223.3,19,20,14.5,,B24,B24,B24,203.9249173,60.50165629,8560.321472
BEAUREGARD G 2020  – BLACK BOX GENEVA,277,23,20.5,15,,B25,B25,B25,259.6761026,71.07168105,10571.27692
BEAUREGARD G 2020  – BLACK BOX GENEVA,357.2,19,25,19.5,,B26,B26,B26,209.6595954,75.6569553,11396.97085
BEAUREGARD G 2020  – BLACK BOX GENEVA,173.2,15,21,15.5,,B27,B27,B27,159.4719985,55.40846668,6241.755589
BEAUREGARD G 2020  – BLACK BOX GENEVA,203.8,19,20,14.5,,B28,B28,B28,196.7173162,53.13934299,7760.101163
BEAUREGARD G 2020  – BLACK BOX GENEVA,183.4,18,19,13.5,,B29,B29,B29,184.5497605,57.04908264,7553.683969
BEAUREGARD G 2020  – BLACK BOX GENEVA,616.9,24,28,22.5,,B30,B30,B30,275.9087618,97.48170733,18350
BEAUREGARD G 2020  – BLACK BOX GENEVA,395.7,25,23,17.5,,B31,B31,B31,255.3943806,68.18215439,12461.3968
BEAUREGARD G 2020  – BLACK BOX GENEVA,192.3,20,18.5,13,,B32,B32,B32,216.352471,59.29962733,8119.454866
BEAUREGARD G 2020  – BLACK BOX GENEVA,231.2,23,20,14.5,,B33,B33,B33,247.6932624,56.04278273,9533.884023
BEAUREGARD G 2020  – BLACK BOX GENEVA,73.6,16,14,8.5,,B34,B34,B34,166.2681044,32.1310411,3940.672353
BEAUREGARD G 2020  – BLACK BOX GENEVA,126.6,16,17.5,12,,B35,B35,B35,183.7118177,48.70706801,5667.09199
BEAUREGARD G 2020  – BLACK BOX GENEVA,49.7,8,15,9.5,,B36,B36,B36,142.2254346,56.63248211,2708.94966
BEAUREGARD G 2020  – BLACK BOX GENEVA",51.3,13,15.5,10,,B37,B37,B37,198.7007623,32.55168179,3159.725291
PURPLE PASSION CROSSED OUT - LOOKS LIKE BEAUREGARD,257.2,18.5,22,16.5,,E1,E01,E01,195.4623568,66.0846685,9463.317565
PURPLE PASSION CROSSED OUT - LOOKS LIKE BEAUREGARD,894,20,39,33.5,,E2,E02,E02,280.8127344,137.6987885,22972.8786
PURPLE PASSION CROSSED OUT - LOOKS LIKE BEAUREGARD,598,21,30.5,25,,E3,E03,E03,245.325178,103.6290891,16910.29964
PURPLE PASSION CROSSED OUT - LOOKS LIKE BEAUREGARD,361.7,20,25,19.5,,E4,E04,E04,304.0652132,93.96782058,11543.41723
PURPLE PASSION CROSSED OUT - LOOKS LIKE BEAUREGARD,216.9,13,22,16.5,,E5,E05,E05,167.786648,100.8547976,9229.684092
PURPLE PASSION CROSSED OUT - LOOKS LIKE BEAUREGARD,267.4,23,20,14.5,,E6,E06,E06,247.2613952,66.99361001,10092.41327
PURPLE PASSION CROSSED OUT - LOOKS LIKE BEAUREGARD,289.7,20,22,16.5,,E7,E07,E07,215.7133079,66.34287834,10195.18989
PURPLE PASSION CROSSED OUT - LOOKS LIKE BEAUREGARD,158.2,19.5,18,12.5,,E8,E08,E08,216.545491,57.28842361,6778.619228
PURPLE PASSION CROSSED OUT - LOOKS LIKE BEAUREGARD,398.6,23,23.5,18,,E9,E09,E09,302.6702063,90.33217687,13567.83256
PURPLE PASSION CROSSED OUT - LOOKS LIKE BEAUREGARD,349,16,25,19.5,,E10,E10,E10,173.6475275,87.13854209,10452.71186
PURPLE PASSION CROSSED OUT - LOOKS LIKE BEAUREGARD,601.7,24,27,21.5,,E11,E11,E11,272.4977958,111.417898,19211.7287
PURPLE PASSION CROSSED OUT - LOOKS LIKE BEAUREGARD,67.6,17,15.5,10,,E12,E12,E12,183.3858394,47.86316314,3795.343744
PURPLE PASSION CROSSED OUT - LOOKS LIKE BEAUREGARD,146.8,21,17.5,12,,E13,E13,E13,230.1223241,44.63616919,6862.743843
PURPLE PASSION CROSSED OUT - LOOKS LIKE BEAUREGARD,121.9,14.5,17,11.5,,E14,E14,E14,170.62846,47.53750754,5481.305384
PURPLE PASSION CROSSED OUT - LOOKS LIKE BEAUREGARD,195.7,17,20,14.5,,E15,E15,E15,203.4321273,70.04540006,7789.663446
PURPLE PASSION CROSSED OUT - LOOKS LIKE BEAUREGARD,63.2,11,16.5,11,,E16,E16,E16,170.3724071,47.11607265,3313.909328
PURPLE PASSION CROSSED OUT - LOOKS LIKE BEAUREGARD,128.5,10,20.5,15,,E17,E17,E17,109.455051,60.89718248,4611.623349
PURPLE PASSION CROSSED OUT - LOOKS LIKE BEAUREGARD,104.2,19,15,9.5,,E18,E18,E18,211.0915183,42.18801501,5479.334987
PURPLE PASSION CROSSED OUT - LOOKS LIKE BEAUREGARD,86.6,13,17,11.5,,E19,E19,E19,140.2851029,45.55098671,4175.631164
PURPLE PASSION CROSSED OUT - LOOKS LIKE BEAUREGARD,98.7,14.5,16,10.5,,E20,E20,E20,152.6629579,56.95396012,4913.998018
PURPLE PASSION CROSSED OUT - LOOKS LIKE BEAUREGARD,198.3,18,20,14.5,,E21,E21,E21,197.040373,57.76333896,7899.69734
PURPLE PASSION CROSSED OUT - LOOKS LIKE BEAUREGARD,148.3,14,20.5,15,,E22,E22,E22,218.1122931,97.33425132,5810.825825
PURPLE PASSION CROSSED OUT - LOOKS LIKE BEAUREGARD,96.3,16,16,10.5,,E23,E23,E23,171.544417,43.86867488,4579.05578
PURPLE PASSION CROSSED OUT - LOOKS LIKE BEAUREGARD,254.9,16,21.5,16,,E24,E24,E24,178.4752111,62.58105783,8448.486995
PURPLE PASSION CROSSED OUT - LOOKS LIKE BEAUREGARD,160,18,17.5,12,,E25,E25,E25,191.4444782,51.30886755,6704.356788
PURPLE PASSION CROSSED OUT - LOOKS LIKE BEAUREGARD,61.5,13,14,8.5,,E26,E26,E26,154.1576536,32.91531177,3472.024953
PURPLE PASSION CROSSED OUT - LOOKS LIKE BEAUREGARD,100.7,21,14,8.5,,E27,E27,E27,236.8973575,49.86247482,5903.96108
PURPLE PASSION CROSSED OUT - LOOKS LIKE BEAUREGARD,53.5,12,16,10.5,,E28,E28,E28,181.3170067,37.50393618,3105.242472
PURPLE PASSION CROSSED OUT - LOOKS LIKE BEAUREGARD,43.5,17,12.5,7,,E29,E29,E29,189.2111585,40.0286496,3508.190907
PURPLE PASSION CROSSED OUT - LOOKS LIKE BEAUREGARD,80.6,13,16,10.5,,E30,E30,E30,144.1820293,47.69319376,4156.364344
KOTOBUKI,172.7,19,19,13.5,,K1,K01,K01,203.8983055,50.77115705,7185.744613
KOTOBUKI,174.6,20,18,12.5,,K2,K02,K02,217.8890119,50.57604388,7918.798558
KOTOBUKI,58.3,15,14,8.5,,K3,K03,K03,171.7423355,32.50494022,3733.409593
KOTOBUKI,84.5,20,13,7.5,,K4,K04,K04,213.157747,54.61139673,5301.163305
KOTOBUKI,168.1,20,18,12.5,,K5,K05,K05,216.081413,47.38511064,7409.199631
KOTOBUKI,87.3,20,14.5,9,,K6,K06,K06,212.6948892,49.32285836,5117.905947
KOTOBUKI,93.6,24,13,7.5,,K7,K07,K07,251.8061974,64.622613,6091.235866
KOTOBUKI,119.4,15,18,12.5,slightly damaged,K8,K08,K08,163.3988885,48.87548215,5328.000814
KOTOBUKI,159.8,17,18,12.5,,K9,K09,K09,200.414974,57.17420343,7286.687984
KOTOBUKI,98.4,27,13,7.5,,K10,K10,K10,288.3825623,52.23950887,6657.712368
KOTOBUKI,52,13.5,12,6.5,,K11,K11,K11,147.6987993,43.64782796,3488.439609
KOTOBUKI,85.3,18.5,14.5,9,,K12,K12,K12,192.1517021,48.67426886,4861.215515
KOTOBUKI,45.5,15,12.5,7,,K13,K13,K13,166.0128319,39.72092167,3329.344017
KOTOBUKI,218.7,20,20,14.5,,K14,K14,K14,216.5867428,56.47247124,8787.190076
KOTOBUKI,107.9,21,14,8.5,,K15,K15,K15,220.1642009,46.42053129,6013.863748
KOTOBUKI,151.6,14.5,19,13.5,slightly damaged,K16,K16,K16,150.1278037,64.51647661,6205.329446
KOTOBUKI,104.3,21,14.5,9,,K17,K17,K17,219.8458243,41.38382801,5702.372713
KOTOBUKI,134.7,21,15.5,10,,K18,K18,K18,217.9260543,60.17700332,6739.586717
KOTOBUKI,56.2,13,14.5,9,slightly damaged,K19,K19,K19,141.4340562,33.76429221,3263.247876
KOTOBUKI,146.7,21,16.5,11,,K20,K20,K20,242.1454118,64.66590289,7730.466449
KOTOBUKI,98.4,14,16.5,11,,K21,K21,K21,160.2729593,45.16439262,4743.726797
KOTOBUKI,92,12.5,16,10.5,,K22,K22,K22,138.0506597,44.7326335,4332.961854
KOTOBUKI,145.1,18,19,13.5,,K23,K23,K23,202.7965317,53.62910407,6701.188176
KOTOBUKI,208.3,22,17,11.5,,K24,K24,K24,245.7579229,66.58567975,9347.381304
KOTOBUKI,177.3,22,17,11.5,,K25,K25,K25,249.8697304,56.85097651,8462.944973
KOTOBUKI,84.6,13,15.5,10,,K26,K26,K26,140.6048941,38.46344133,4232.459548
KOTOBUKI,81,10.5,16,10.5,,K27,K27,K27,111.8637185,54.82927585,4002.074695
KOTOBUKI,75.5,15,15,9.5,,K28,K28,K28,161.0756245,46.53668952,4175.523469
KOTOBUKI,160.5,22,17,11.5,,K29,K29,K29,251.1997563,57.14296188,8074.568278
KOTOBUKI,74.8,13,16,10.5,slightly damaged,K30,K30,K30,140.6019327,45.99518493,3828.389296
KOTOBUKI,83.1,23.5,13,7.5,,K31,K31,K31,254.1554834,34.80510639,5269.727928
KOTOBUKI,149.2,18,19,13.5,,K32,K32,K32,203.6236509,72.74346178,7304.7762
KOTOBUKI,137.9,18,18.5,13,slightly damaged,K33,K33,K33,196.8403104,54.35078579,6303.026472
KOTOBUKI,153.7,17,18,12.5,,K34,K34,K34,183.4778908,55.79057502,6551.562156
KOTOBUKI,122,23.5,15,9.5,slightly damaged,K35,K35,K35,247.6716372,55.49167589,6839.364239
KOTOBUKI,59.6,12.5,14,8.5,,K36,K36,K36,131.9456109,35.85275187,3201.739114
KOTOBUKI,64.6,15,14,8.5,slightly damaged,K37,K37,K37,162.1215927,35.64791683,3789.008056
KOTOBUKI,54.2,12,14,8.5,slightly damaged,K38,K38,K38,131.755012,31.38743935,3228.880626
KOTOBUKI,153.7,27,13,7.5,,K39,K39,K39,303.3874549,50.90169875,8863.573826
KOTOBUKI,115.4,16,16,10.5,,K40,K40,K40,174.2274984,68.14214098,5809.324472
KOTOBUKI,62.4,14,13.5,8,,K41,K41,K41,150.2528108,39.50964854,3582.12556
KOTOBUKI,111.4,12,16.5,11,,K42,K42,K42,139.7574587,58.49035697,5476.573178
KOTOBUKI,88.2,15,15.5,10,,K43,K43,K43,160.3296423,39.22476217,4391.400928
KOTOBUKI,60.9,14,13.5,8,,K44,K44,K44,152.1259395,42.89378999,3708.679407
KOTOBUKI,131.6,25,14.5,9,,K45,K45,K45,273.2661525,49.77966161,7673.005475
KOTOBUKI,73.8,16,14,8.5,,K46,K46,K46,172.0847388,41.57169674,4450.825023
KOTOBUKI,72.5,12,15,9.5,,K47,K47,K47,139.2373188,42.33837645,3708.951479
KOTOBUKI,71,16.5,13.5,8,,K48,K48,K48,171.6326154,49.83355944,4256.565679
KOTOBUKI,46.6,15,13,7.5,,K49,K49,K49,164.4585568,31.27905256,3152.047135
KOTOBUKI,76,18,13,7.5,,K50,K50,K50,189.3648984,52.42909557,4798.988357
LSU PURPLE,632.9,21,30,24.5,,L1,L01,L01,245.5633567,101.9942332,18369.9274
LSU PURPLE,672.7,22,32,26.5,,L2,L02,L02,242.5929817,107.7390094,18465.84524
LSU PURPLE,403.2,22,27,21.5,,L3,L03,L03,276.0638514,88.69559336,13051.21056
LSU PURPLE,530.5,21,30,24.5,,L4,L04,L04,226.2906577,96.79758084,15445.2549
LSU PURPLE,433.3,20,27.5,22,,L5,L05,L05,224.9791267,93.69955814,13425.91204
LSU PURPLE,381.6,20,29,23.5,,L6,L06,L06,250.6572319,95.03897667,12075.28655
LSU PURPLE,221.1,19,21,15.5,,L7,L07,L07,230.3669794,81.3174296,9151.571742
LSU PURPLE,272.6,19,21.5,16,,L8,L08,L08,226.0366152,91.38899429,11163.18245
LSU PURPLE,167.7,15,21,15.5,,L9,L09,L09,160.2589308,62.55365247,6496.922224
LSU PURPLE,328.4,20,25,19.5,,L10,L10,L10,221.4822208,135.3574162,11984.82464
LSU PURPLE,150.5,20,18,12.5,,L11,L11,L11,232.8321189,71.40583791,7421.008464
LSU PURPLE,319,18,24,18.5,damage,L12,L12,L12,201.9665998,80.33682054,11419.24499
LSU PURPLE,248,17,24,18.5,damage,L13,L13,L13,192.5867356,71.70031408,9136.840647
LSU PURPLE,199,17,22,16.5,damage,L14,L14,L14,187.9209562,68.8513633,7974.662267
LSU PURPLE,206.1,13,25,19.5,damage,L15,L15,L15,152.4800562,77.27361195,8642.483949
LSU PURPLE,116.1,10,21,15.5,damage,L16,L16,L16,136.3457405,73.72271593,5039.440585
LSU PURPLE,86.7,10,20,14.5,damage,L17,L17,L17,111.4684343,49.68129737,3556.476327
LSU PURPLE,71.5,15,17,11.5,damage,L18,L18,L18,173.9066,58.57183808,4351.891482
purple passion,40.4,15,12,6.5,,P1,P01,P01,164.068689,37.92441881,2945.16101
purple passion,315.5,17,24,18.5,,P2,P02,P02,191.7867424,73.54103072,9972.966714
purple passion,164.6,22,17,11.5,,P3,P03,P03,243.0345034,45.90398415,7868.741472
purple passion,197,18.5,18.5,13,,P4,P04,P04,203.1256285,57.38472076,8180.160016
purple passion,307,20,23.5,18,,P5,P05,P05,229.9052006,71.64428859,10935.55951
purple passion,136.5,17,17,11.5,,P6,P06,P06,186.5755236,46.98400716,6389.610355
purple passion,48,14.5,13,7.5,damaged,P7,P07,P07,162.0087584,41.92981129,3276.99342
purple passion,82.4,24.5,13,7.5,,P8,P08,P08,295.1425817,36.24647529,5798.78101
purple passion,288.6,26,19.5,14,,P9,P09,P09,278.3649715,99.94287709,11527.0278
purple passion,241.2,21,21,15.5,,P10,P10,P10,229.590084,66.02735321,9333.939533
purple passion,201.6,20.5,16.5,11,,P11,P11,P11,216.8505694,75.08235585,8519.921749
purple passion,203.7,23,19,13.5,,P12,P12,P12,247.3811009,58.40184945,8727.892036
purple passion,111,19,16.5,11,,P13,P13,P13,199.7195791,47.47716837,5553.442856
purple passion,64,17.5,13,7.5,,P14,P14,P14,183.9858322,42.78089103,4041.883459
purple passion,37.8,17,12,6.5,,P15,P15,P15,177.7146227,43.20072693,2972.260509
purple passion,41.3,16,11.5,6,,P16,P16,P16,179.2990505,40.7859395,3207.489473
purple passion,65.5,16,14,8.5,,P17,P17,P17,172.8577359,31.26384624,3908.841352
purple passion,114.9,14,17,11.5,damaged,P18,P18,P18,152.9006552,44.38555534,5264.572921
purple passion,195.6,20,17,11.5,,P19,P19,P19,228.608842,54.50006687,8698.713969
purple passion,35,20,11.5,6,,P20,P20,P20,212.4956123,41.2359741,3347.762673
purple passion,93.3,23,13.5,8,,P21,P21,P21,241.9761388,47.91428567,5943.477833
purple passion,92,21,14,8.5,,P22,P22,P22,230.7372196,63.84562131,5773.340644
purple passion,116.5,14.5,15,9.5,,P23,P23,P23,162.7483581,54.82921954,5606.357282
purple passion,51.2,24,11.5,6,,P25,P25,P24,249.6252632,54.16787065,4240.051259
purple passion,51.4,21,12,6.5,,P24,P24,P24,219.8771749,50.03225347,4168.49835
purple passion,56.2,29,12,6.5,,P25-2,P25-2,P25,301.4486362,47.43518982,4820.545047
purple passion,137.5,19,16,10.5,,P27,P27,P27,210.5332519,44.37389647,6602.280761
purple passion,196.4,20,19,13.5,,P28,P28,P28,216.5878386,59.69922915,8549.591361
purple passion,286.5,24,19,13.5,,P29,P29,P29,277.8725616,65.09362406,11475.69203
purple passion,179.7,21,18.5,13,,P30,P30,P30,229.8931292,49.40904898,7679.680489
BEAUREGARD GENEVA - ORANGE TAG GRAY DOTTED BOX,264.3,19,22,16.5,,R1,R01,R01,221.8848174,64.10164784,9424.218375
BEAUREGARD GENEVA - ORANGE TAG GRAY DOTTED BOX,623.4,22,29,23.5,,R2,R02,R02,282.8990448,90.39236276,17171.05496
BEAUREGARD GENEVA - ORANGE TAG GRAY DOTTED BOX,569.8,23,28,22.5,,R3,R03,R03,258.9305789,82.81620719,15890.78337
BEAUREGARD GENEVA - ORANGE TAG GRAY DOTTED BOX,358.8,19,24.5,19,,R4,R04,R04,204.0411108,75.38041783,11949.14077
BEAUREGARD GENEVA - ORANGE TAG GRAY DOTTED BOX,191.5,18,17,11.5,,R5,R05,R05,264.9295206,58.46593923,8025.636679
BEAUREGARD GENEVA - ORANGE TAG GRAY DOTTED BOX,223.4,16,21,15.5,,R6,R06,R06,179.4740082,64.00182657,8258.591467
BEAUREGARD GENEVA - ORANGE TAG GRAY DOTTED BOX,232.8,17,23,17.5,,R7,R07,R07,194.6239954,61.33625027,8436.521935
BEAUREGARD GENEVA - ORANGE TAG GRAY DOTTED BOX,267.5,20,23,17.5,,R8,R08,R08,237.7072733,87.16859758,10292.8193
BEAUREGARD GENEVA - ORANGE TAG GRAY DOTTED BOX,205.5,15,21,15.5,,R9,R09,R09,163.2332153,57.55362112,7225.552389
BEAUREGARD GENEVA - ORANGE TAG GRAY DOTTED BOX,339,20,23,17.5,,R10,R10,R10,236.4647613,70.25355568,11497.78103
BEAUREGARD GENEVA - ORANGE TAG GRAY DOTTED BOX,169.2,16,19,13.5,,R11,R11,R11,175.1957535,63.30710469,6989.413443
BEAUREGARD GENEVA - ORANGE TAG GRAY DOTTED BOX,140.4,16,19,13.5,,R12,R12,R12,253.9796245,80.23959168,6642.057138
BEAUREGARD GENEVA - ORANGE TAG GRAY DOTTED BOX,280.6,17,23,17.5,,R13,R13,R13,193.4936191,68.80136624,9396.792392
BEAUREGARD GENEVA - ORANGE TAG GRAY DOTTED BOX,590,20,29.5,24,,R14,R14,R14,248.0260169,102.1942783,16180.60156
BEAUREGARD GENEVA - ORANGE TAG GRAY DOTTED BOX,139.3,14,20,14.5,,R15,R15,R15,150.7009704,52.34939191,5585.834768
BEAUREGARD GENEVA - ORANGE TAG GRAY DOTTED BOX,139.4,16,18,12.5,,R16,R16,R16,179.8558171,45.06241936,6118.279917
BEAUREGARD GENEVA - ORANGE TAG GRAY DOTTED BOX,483,23,26,20.5,,R17,R17,R17,268.7099721,84.27798161,15430.53865
BEAUREGARD GENEVA - ORANGE TAG GRAY DOTTED BOX,316.4,20,24,18.5,,R18,R18,R18,252.3674692,92.48792652,10827.27778
BEAUREGARD GENEVA - ORANGE TAG GRAY DOTTED BOX,232.4,17,21,15.5,,R19,R19,R19,186.6574377,62.97062167,8556.43736
BEAUREGARD GENEVA - ORANGE TAG GRAY DOTTED BOX,98.8,12,18.5,13,,R20,R20,R20,136.285571,44.99542359,4112.92335
BEAUREGARD GENEVA - ORANGE TAG GRAY DOTTED BOX,244.6,18,22,16.5,,R21,R21,R21,201.5021659,57.81978389,8695.743907
BEAUREGARD GENEVA - ORANGE TAG GRAY DOTTED BOX,148.1,16,19,13.5,,R22,R22,R22,194.1628274,51.00128149,6268.997331
BEAUREGARD GENEVA - ORANGE TAG GRAY DOTTED BOX,218.2,19,21,15.5,,R23,R23,R23,252.8824428,63.67816496,8615.978018
BEAUREGARD GENEVA - ORANGE TAG GRAY DOTTED BOX,286.2,18,23,17.5,,R24,R24,R24,197.6923453,66.1199066,10017.8429
BEAUREGARD GENEVA - ORANGE TAG GRAY DOTTED BOX,146.3,14,20,14.5,,R25,R25,R25,153.5710903,56.45551402,6068.425598
BEAUREGARD GENEVA - ORANGE TAG GRAY DOTTED BOX,66.9,12,16,10.5,,R26,R26,R26,203.2023134,51.75680159,3822.996232
BEAUREGARD GENEVA - ORANGE TAG GRAY DOTTED BOX,66.7,11,16,10.5,,R27,R27,R27,126.4370589,39.40112423,3217.552168
BEAUREGARD GENEVA - ORANGE TAG GRAY DOTTED BOX,132.9,21,16,10.5,,R29,R29,R29,231.4718903,43.13709805,6653.279314
BEAUREGARD GENEVA - ORANGE TAG GRAY DOTTED BOX,106.6,12,19,13.5,,R30,R30,R30,180.329162,47.63070775,4701.933523
BEAUREGARD GENEVA - ORANGE TAG GRAY DOTTED BOX,155,18,18,12.5,,R31,R31,R31,199.863535,49.92557597,6777.23223
BEAUREGARD GENEVA - ORANGE TAG GRAY DOTTED BOX,141.6,17,19,13.5,,R32,R32,R32,186.1052424,56.88380444,6002.87535
BEAUREGARD GENEVA - ORANGE TAG GRAY DOTTED BOX,83.3,13,16,10.5,,R33,R33,R33,134.4084441,41.44449826,3934.223464
BEAUREGARD GENEVA - ORANGE TAG GRAY DOTTED BOX,58,12,14.5,9,,R34,R34,R34,155.5909634,35.9486765,3126.270306
BEAUREGARD GENEVA - ORANGE TAG GRAY DOTTED BOX,42.5,11,14,8.5,,R35,R35,R35,122.4531052,32.47625141,2571.228935
BEAUREGARD GENEVA - ORANGE TAG GRAY DOTTED BOX,48,15,13,7.5,,R36,R36,R36,155.0070774,40.1142374,3075.325854
BEAUREGARD GENEVA - ORANGE TAG GRAY DOTTED BOX,39.7,13,13,7.5,,R37,R37,R37,130.8022251,45.90870158,2728.005259
BEAUREGARD GENEVA - ORANGE TAG GRAY DOTTED BOX,32.6,10,13,7.5,,R38,R38,R38,105.4787299,27.46651365,2097.71137
BEAUREGARD GENEVA - ORANGE TAG GRAY DOTTED BOX,33.5,12,13,7.5,,R39,R39,R39,121.7414277,35.39911708,2377.807056
